cost,cuisine,place,restaurant,address,phone_number,number_of_seats
cheap,chinese,hyderabad,chings,Address-1 ,1000000000,30
cheap,indian,banglore,surabhi,Address-2,2000000000,20
cheap,american,hyderabad,mc donalds,Address-3,3000000000,10
expensive,indian,hyderabad,jewel of nizam,Address-4,4000000000,30
expensive,chinese,hyderabad,mainland china,Address-5,5000000000,20
expensive,american,delhi,TGIF,Address-6,6000000000,10
medium,indian,hyderabad,surabhi,Address-7,7000000000,30
medium,chinese,hyderabad,nanking,Address-8,8000000000,20
medium,american,chennai,hashtag,Address-9,9000000000,10
expensive,barbeque,hyderabad,Absolute Barbecues  ,Address-10,2900000000,30
medium,multi,jaipur,"Food Exchange, HITEC City",Address-11,1100000000,20
expensive,multi,hyderabad,"The Fisherman's Wharf, Financial District",Address-12,1200000000,10
expensive,multi,lucknow,"Golconda Pavilion, Madhapur",Address-13,1300000000,30
expensive,italian,hyderabad,"Tuscany, HITEC City",Address-14,1400000000,20
expensive,barbeque,hyderabad,"Barbeque Nation, Banjara Hills",Address-15,1500000000,10
medium,multi,hyderabad,"Seasonal Tastes, Mindspace",Address-16,1600000000,30
medium,multi,kurnool,"Olive Bistro & Bar, Jubilee Hills",Address-17,1700000000,20
medium,south indian,hyderabad,"Chutneys, Jubilee Hills",Address-18,1800000000,10
cheap,punjabi,hyderabad,"Angaara Restaurant, Chanda Nagar",Address-19,1900000000,30
medium,multi,hyderabad,Kritunga Restaurant,Address-20,2000000000,20
expensive,chinese,hyderabad,"Happy bowls Restaurant, Kondapur",Address-21,2100000000,10
medium,chinese,hyderabad,"China Bistro Kondapur, Kondapur",Address-22,2200000000,30
cheap,punjabi,warangal,"Punjabi Affair, Kondapur",Address-23,2300000000,20
cheap,south indian,hyderabad,"Telankhana, Kondapur",Address-24,2400000000,10
medium,punjabi,hyderabad,"Pind Balluchi, Kondapur",Address-25,2500000000,10
medium,south indian,hyderabad,"Ulavacharu Biryani House, Punjagutta",Address-26,2600000000,30
expensive,multi,hyderabad,"Food360�, Punjagutta",Address-27,2700000000,20
medium,south indian,hyderabad,"Akson Kerala Restaurant, Punjagutta",Address-28,2800000000,10
